Title	Image																								
Modern CNC Door	https://drive.google.com/thumbnail?id=18KtgCHD6IGTuhP3sd5lIwvD_Je6p6qAM&sz=w1000																								
Luxury Wooden Door	https://drive.google.com/thumbnail?id=1WWnGVKSKcSUn9MOpxOcctkPGVU5Q0Nl0&sz=w1000																								
Classic Entry Door	https://drive.google.com/thumbnail?id=1KjxcY_x0UPKpNfyZKW_5Vn4Jq_wncMDM&sz=w1000																								
Decorative CNC Door	https://drive.google.com/thumbnail?id=12wNa2SlpLRJYziRN-wVqNz0qSlWZ0d75&sz=w1000																								
Elegant Front Door	https://drive.google.com/thumbnail?id=1aSbjPP3UCpcYzfIhqX6nshYrFWGvbGUy&sz=w1000																								
Modern Interior Door	https://drive.google.com/thumbnail?id=1HeZL7w6wXaDaAJp412LIP0Ev3OxjSV-B&sz=w1000																								
Rustic Wood Door	https://drive.google.com/thumbnail?id=14_2jnekAucyXfUVsObJ-Qkn1RqI3yDFV&sz=w1000																								
Luxury Main Door	https://drive.google.com/thumbnail?id=1xRH7juQIgk7W2Y66q6emPENJBTVkYVCK&sz=w1000																								
Handmade CNC Door	https://drive.google.com/thumbnail?id=1CK0i8vnTZK3WF1Ih3NSvoDlhF3MgUtQm&sz=w1000																								
Decorative Room Door	https://drive.google.com/thumbnail?id=1j3I6wODOFOSe_WV0D9WTlTioxcxp9qYC&sz=w1000																								
Stylish Front Door	https://drive.google.com/thumbnail?id=1QbT3MGTT00XWGQB2pfaEjvrdASZdUofs&sz=w1000																								
Premium Wood Door	https://drive.google.com/thumbnail?id=1SL7vO5mBYdZ06Yrc-83fLOiZAZznOBzJ&sz=w1000																								
Modern House Door	https://drive.google.com/thumbnail?id=1pFVYB3-bwrrS6J5FcfEkYI5i6ScTblBL&sz=w1000																								
Elegant Entry Door	https://drive.google.com/thumbnail?id=1KP6laor70PBeIU51PiB_Amo9vV1uFH7X&sz=w1000																								
Rustic Interior Door	https://drive.google.com/thumbnail?id=1nfCpngS4UmKeMAPRjlF9tyfTaGFiLDv1&sz=w1000																								
CNC Sliding Door	https://drive.google.com/thumbnail?id=1ojS0S8p0NOVvaTo9cF6cpb6nOiZCkyp2&sz=w1000																								
Luxury Villa Door	https://drive.google.com/thumbnail?id=1G3BVxtu8xClbcuKddBdHiC9S7tfWLtXS&sz=w1000																								
Decorative Main Door	https://drive.google.com/thumbnail?id=1aJ1NuL07brx6RhAD1pERAALkAHnmHuwq&sz=w1000																								
Modern Wooden Door	https://drive.google.com/thumbnail?id=1oBhmwegWZmdZad2Sae3Ada-VG1OqyON1&sz=w1000																								
Artistic CNC Door	https://drive.google.com/thumbnail?id=1e-DPwBIKRJbI73ALnhM_cFdd34nqTRT_&sz=w1000																								
Premium Entry Door	https://drive.google.com/thumbnail?id=1c48smWB2gSh6wYgQxgPYEvWGjavBoWil&sz=w1000																								
Stylish Room Door	https://drive.google.com/thumbnail?id=1-6MZhGVScWXmaqm-NLOQz-ZO7AMgOCEc&sz=w1000																								
Handmade Wood Door	https://drive.google.com/thumbnail?id=1LfzI8m07slzlXUbvXzICa0HwEO69DNxz&sz=w1000																								
Elegant Sliding Door	https://drive.google.com/thumbnail?id=1r1S2F3idfweznRY5r8YREp_i4UUK85Me&sz=w1000																								
Modern Decorative Door	https://drive.google.com/thumbnail?id=1Cz_0AlsfMXD3efCRV3_7KaMuCGbGt3tO&sz=w1000																								
Rustic Main Door	https://drive.google.com/thumbnail?id=1j1rrds5kypmBhztp0gIczewu3rsS_mku&sz=w1000																								
Luxury Interior Door	https://drive.google.com/thumbnail?id=1ofR8fvrLM-u6uqHWnJyj14CgVWye6bc7&sz=w1000																								
CNC House Door	https://drive.google.com/thumbnail?id=1e9Xep4VKuzZXsMWnV5a87IbCoxQGMTfr&sz=w1000																								
Decorative Villa Door	https://drive.google.com/thumbnail?id=1TwXpfWqRuoCYgy6TOGxRwjw7SUsDYbRZ&sz=w1000																								
Artistic Front Door	https://drive.google.com/thumbnail?id=1nHsqywh7cNLBf0JJ-D6VA43nLx-P6P-0&sz=w1000																								
Stylish Wooden Door	https://drive.google.com/thumbnail?id=17uL-i6DXrHrwKopvsx78uNAWEpz5QRzd&sz=w1000																								
Premium Sliding Door	https://drive.google.com/thumbnail?id=1QEbvxSw99puL0PRJTCzgbLEELVU6W6rN&sz=w1000																								
Modern Entry Door	https://drive.google.com/thumbnail?id=11BN4mIH1lL4UrwQ6Vs8hd1_ubRyi4ZBu&sz=w1000																								
Handmade Main Door	https://drive.google.com/thumbnail?id=1AxCuFBAuuW4Ozm8zCIQVgv4U69pDDdAU&sz=w1000																								
Elegant Room Door	https://drive.google.com/thumbnail?id=1h37gQtO2UxXSLaZhTv8J9rVWRz6ahC8W&sz=w1000																								
Rustic Decorative Door	https://drive.google.com/thumbnail?id=1_HoqMweFDcMlaR3VuNz6Zp2BDPZGL0O6&sz=w1000																								
Luxury CNC Design	https://drive.google.com/thumbnail?id=1llIUUHGLA6JJPzp1zWHb86Djsx7u05cY&sz=w1000																								
Modern Villa Door	https://drive.google.com/thumbnail?id=1YTDWo8bWqOk0Oplqua_fi76O8JIEjrsz&sz=w1000																								
Artistic Wood Door	https://drive.google.com/thumbnail?id=1OBmTUZkyscRpfTGHt6SvBmKDxCLQP_ao&sz=w1000																								
Decorative Interior Door	https://drive.google.com/thumbnail?id=1wS0A5G1G6pyHzj_LouniNq5XOt_kkHdx&sz=w1000																								
Stylish Main Door	https://drive.google.com/thumbnail?id=1BApNrqUtsDixJXs0boukxshPp3VH1o4O&sz=w1000																								
Premium Front Door	https://drive.google.com/thumbnail?id=1RydgTAhdCnICVNNnhY-Tpbu-N8f9HwZp&sz=w1000																								
Handmade Entry Door	https://drive.google.com/thumbnail?id=1gKfMpE8TX8uwXnhyx9E7BF_bsn5V9eiB&sz=w1000																								
Elegant Wooden Door	https://drive.google.com/thumbnail?id=1iKbTghlAm0JTi1z0rMpxzBGlToq0YNKo&sz=w1000																								
Modern Sliding Door	https://drive.google.com/thumbnail?id=1XxgxeU_D89-GaVRLhn7kaCXijmagOdyw&sz=w1000																								
Rustic CNC Door	https://drive.google.com/thumbnail?id=16vy2JkveFkpFtO9E4pqmqbgqDv6Lyi9F&sz=w1000																								
Luxury Decorative Door	https://drive.google.com/thumbnail?id=1khPlgnVqasgyxvEgc3LolGeWZDI3RLFk&sz=w1000																								
Artistic Interior Door	https://drive.google.com/thumbnail?id=1RE2292J89DxGXOssZn1G34uBdavRVxws&sz=w1000																								
Premium House Door	https://drive.google.com/thumbnail?id=1tIsiIRFJGiEsL4mEXppmDoPTNoJPGsvM&sz=w1000																								
Stylish Villa Door	https://drive.google.com/thumbnail?id=1ItGoKdMyfEDFhGcCD8rJtSKBNVJrdJxU&sz=w1000																								
Modern Front Door	https://drive.google.com/thumbnail?id=1Z0VTLtJlNOYpji2z_LvIzSSr1ZXQidSJ&sz=w1000																								
Handmade Room Door	https://drive.google.com/thumbnail?id=1I8W7kyiLp5WjgEOmOKqBkT436FvKa_FG&sz=w1000																								
Elegant Main Door	https://drive.google.com/thumbnail?id=1bn08dK3piMxELyV3NacipbrkGoYW5HSX&sz=w1000																								
Rustic Entry Door	https://drive.google.com/thumbnail?id=10pdtra-SKWLO6HxF4E_2aaapcnyMj7cn&sz=w1000																								
Luxury Sliding Door	https://drive.google.com/thumbnail?id=17FizwE5GHNRnRwmgf7XFVuue9AJI5vo_&sz=w1000																								
Decorative CNC Design	https://drive.google.com/thumbnail?id=1Sxiq5HEwCirBXCwgmBrtVuEsHN2DXnUI&sz=w1000																								
Artistic Main Door	https://drive.google.com/thumbnail?id=1WRWrUQTFWnNhZINNhZB4xMvyiJtfXUSh&sz=w1000																								
Stylish Decorative Door	https://drive.google.com/thumbnail?id=1SXX_WA37bNvpCkqAZgLTQowgLks7xB3V&sz=w1000																								
Premium Interior Door	https://drive.google.com/thumbnail?id=1rKkQMrjsf4dKlebGYEgQ6pXzrJclP79w&sz=w1000																								
Modern Rustic Door	https://drive.google.com/thumbnail?id=1rHiajzWZvF1nnmZyohVp5_0UL_VF0RIW&sz=w1000																								
Handmade Front Door	https://drive.google.com/thumbnail?id=1axUf7aDTGCZtVSey_oGXwHM5Nlt9BvYN&sz=w1000																								
Elegant House Door	https://drive.google.com/thumbnail?id=1B6SkPAT7zBcpR6LMZO8vqJUpIVQySXRU&sz=w1000																								
Luxury Entry Design	https://drive.google.com/thumbnail?id=1kJ_0GH8KQVYywkJ_4g5rIzb_3mM2_n5t&sz=w1000																								
Decorative Sliding Door	https://drive.google.com/thumbnail?id=1UokHx0xgBpSgjkZUk8ovxTiUMrnNTg4L&sz=w1000																								
Artistic Wooden Door	https://drive.google.com/thumbnail?id=1wjOwfWZNDXqFx6Je1ef5cUZLxdLjKcsG&sz=w1000																								
Stylish CNC Door	https://drive.google.com/thumbnail?id=1T_SEcZM27a2vKhlp2n-SxkN_cPKol_wK&sz=w1000																								
Premium Main Door	https://drive.google.com/thumbnail?id=1RkzeK_thw6fJWhbCg1kU5OkB0TxFWqtE&sz=w1000																								
Modern Room Door	https://drive.google.com/thumbnail?id=1qpqs2HE5jm2ihClAlWEX7tljBoWjG9K6&sz=w1000																								
Rustic Front Door	https://drive.google.com/thumbnail?id=1Jrf5WeLsLjk0bh1Kw3W8mTPoqzsBjWac&sz=w1000																								
Luxury House Door	https://drive.google.com/thumbnail?id=1VEE5XdjTQV2m8r4BUMDzpuI_ykf25qeI&sz=w1000																								
Handmade Decorative Door	https://drive.google.com/thumbnail?id=1vUSdisIO1LrKS9jkshQVCoDGaCTGMwNE&sz=w1000																								
Elegant Interior Door	https://drive.google.com/thumbnail?id=1YVEuMNqn6sl0Eel1akNCwNqJOwEbz59V&sz=w1000																								
Artistic Entry Door	https://drive.google.com/thumbnail?id=1mK1V9p36rT73vsx76tfk5srCForwP_7g&sz=w1000																								
Stylish Sliding Door	https://drive.google.com/thumbnail?id=1caU-IokIWUOT_CaD-v-7rc3S06-oD38d&sz=w1000																								
Premium Wooden Door	https://drive.google.com/thumbnail?id=1tpMbOb2m9Hu8T3yIDXYhBulJhrTpiXGt&sz=w1000																								
Modern Main Door	https://drive.google.com/thumbnail?id=12kvNRbYFgsbhNr5xaQ-bXz0c33CtQGee&sz=w1000																								
Rustic Villa Door	https://drive.google.com/thumbnail?id=1F6f64LWC6r93O3_fEJxbxrYJ9bfX64zG&sz=w1000																								
Luxury Front Design	https://drive.google.com/thumbnail?id=1yETvFxwx68wShcdPgzIi0_0YlOmclBp4&sz=w1000																								
Decorative Entry Door	https://drive.google.com/thumbnail?id=1Dx-CjwoFdN_vXROHjU2Mhhk1drTJ-JN1&sz=w1000																								
Handmade CNC Design	https://drive.google.com/thumbnail?id=16daUvQOR6FFHjf11m3RhLXnLYb_xYLQ9&sz=w1000																								
Elegant Decorative Door	https://drive.google.com/thumbnail?id=1FuFEZjW5FeNU2lzSlGABo64uBXTBxH2E&sz=w1000																								
Artistic Sliding Door	https://drive.google.com/thumbnail?id=1eQ6ZAvAvt6JS9tcs-LbML7sUg3ZEy2Ty&sz=w1000																								
Stylish Entry Door	https://drive.google.com/thumbnail?id=1SNBmJCsrfravzyvZISWfKFbcgIVuTmRg&sz=w1000																								
Premium Decorative Door	https://drive.google.com/thumbnail?id=1rW89fRoQyD_pU29ooj6uGWlZQfromXOF&sz=w1000																								
Modern Interior Design	https://drive.google.com/thumbnail?id=1_x5HG9ESqRhwtROTQdGmqBMc06pVyXEh&sz=w1000																								
Rustic Wooden Door	https://drive.google.com/thumbnail?id=1J5PpTo2lAVnkLMI8c6wdvix9Gvb_sDT0&sz=w1000																								
Luxury Sliding Design	https://drive.google.com/thumbnail?id=1oq4rIUaDNbXgZazT3bX2fYNQyj05MEHr&sz=w1000																								
Decorative Front Door	https://drive.google.com/thumbnail?id=1GOC4Eb3LKZPegN_i2PbV8ERxPGK_x1PC&sz=w1000																								
Handmade House Door	https://drive.google.com/thumbnail?id=1oNYXmJ2FlzRcXJ5QUmAwjEb8aXkVsB-G&sz=w1000																								
Elegant Villa Door	https://drive.google.com/thumbnail?id=1HTm53kTQnnNl3aXlhhiUMsUsy5epX5EC&sz=w1000																								
Artistic Room Door	https://drive.google.com/thumbnail?id=1N4Y0ZXtlBNW2BA-JbnaLTyhUXWRRNJr5&sz=w1000																								
Stylish Interior Door	https://drive.google.com/thumbnail?id=1ZJ0KRhZeHWHDGfikEDeSFydbPKRNBNBg&sz=w1000																								
Premium Entry Design	https://drive.google.com/thumbnail?id=1DzIFwDfrudcKzjiOW6MLI9zJRQk_9GoE&sz=w1000																								
Modern Decorative Design	https://drive.google.com/thumbnail?id=14oAq8J0hSd3DWdYXBVkKoQEvAkIvnJqq&sz=w1000																								
Rustic Main Design	https://drive.google.com/thumbnail?id=1rP6w8AnpTEKMdIWduiWuiOX5b9qJCNLK&sz=w1000																								
Luxury Wooden Design	https://drive.google.com/thumbnail?id=1HT711CZaGgjWIRBRKbxw_0BkmEarktH3&sz=w1000																								
Decorative Room Door	https://drive.google.com/thumbnail?id=1o_t6gERLZbq82sHerLbNORnL7lmM0UUo&sz=w1000																								
Handmade Villa Door	https://drive.google.com/thumbnail?id=1KxBstDrmRMYnb-3jCuMZihNaWdVW5N0Q&sz=w1000																								
Elegant CNC Design	https://drive.google.com/thumbnail?id=1Ud3kYiMfgKIz4__07xAQfHJrTCr3g8WH&sz=w1000																								
Artistic Front Design	https://drive.google.com/thumbnail?id=11Tcg7Jzqd4zE4z6DcvJwYYWAI4yKjUI5&sz=w1000																								
Stylish House Door	https://drive.google.com/thumbnail?id=1RznvPlPXLf_Ow2ooxiXMalXsVYcBoPNC&sz=w1000																								
Premium Sliding Design	https://drive.google.com/thumbnail?id=1kuGguNHjOIsBkuyEscHlqj-lGjUU0mre&sz=w1000																								
Modern Luxury Door	https://drive.google.com/thumbnail?id=1iZaAw0bKTxgrAKipC7HtV4zEMc2muO-j&sz=w1000																								
Rustic Decorative Design	https://drive.google.com/thumbnail?id=10QW1xLMHOqPNXF_Kf7zCXYTXTEA5IeSA&sz=w1000																								
Handmade Interior Door	https://drive.google.com/thumbnail?id=1_60cDYHHdpEQAg6yEETIE-6rM1dGoNmO&sz=w1000																								
Elegant Entry Design	https://drive.google.com/thumbnail?id=1hKHwUe4W_cnRHRhDVuihClJbBCioOhd2&sz=w1000																								
Artistic House Door	https://drive.google.com/thumbnail?id=1yOrc9GCu3spGvoOI4R0uP32f2Ib_NOVc&sz=w1000																								
Stylish Front Design	https://drive.google.com/thumbnail?id=1YJCxytArOGQM5lY6QlOnSn9_Ukw7SoV5&sz=w1000																								
Premium Room Door	https://drive.google.com/thumbnail?id=1qebX002WGV7h_cHok-srD3ElmlL9REOK&sz=w1000																								
Modern CNC Design	https://drive.google.com/thumbnail?id=1vkDDNHW_o_5rmdKPhHzT4nfWLaU07-FS&sz=w1000																								
Rustic Sliding Door	https://drive.google.com/thumbnail?id=1UIBz5KtiHu2QJnB6ehTcuRNOjmx_lS_W&sz=w1000																								
Luxury Main Design	https://drive.google.com/thumbnail?id=1cdi3vdruAhudrNKAkfzkLkM07i86sJYN&sz=w1000																								
Decorative Wooden Door	https://drive.google.com/thumbnail?id=19UwDetdP99Xm-tQn7_UnyHi679mAo5aR&sz=w1000																								
Handmade Front Design	https://drive.google.com/thumbnail?id=12xV3MjXo1XM5ZVG5yPzXSk9MIPI9awZX&sz=w1000																								
Elegant Luxury Door	https://drive.google.com/thumbnail?id=1RyxHDozAbXt7vgDU8i3j8zGTG4K9_HID&sz=w1000																								
Artistic Decorative Door	https://drive.google.com/thumbnail?id=1P5uhXLtNUy4Bf9ywnYwiO8kHbO4OwmWU&sz=w1000																								
Stylish Main Design	https://drive.google.com/thumbnail?id=1kwrW1-W1BFykPkgAqI4RYs09IHwamRXB&sz=w1000																								
Premium Villa Door	https://drive.google.com/thumbnail?id=15Xhf5-ocK9JjqOwvqZpeTrTaepr1L6rJ&sz=w1000																								
Modern Entry Design	https://drive.google.com/thumbnail?id=1Q-62vFhSVS2PuZvJ_xkhlZfKGxL60B_F&sz=w1000																								
Rustic House Door	https://drive.google.com/thumbnail?id=1m4xRV2o8pP15Vzv-lw-cOaVGjU5p4Jl8&sz=w1000																								
Luxury Room Door	https://drive.google.com/thumbnail?id=1OKkRBQ8kj2fCQ5vYAdtWzKEtAikht4QS&sz=w1000																								
Decorative Interior Design	https://drive.google.com/thumbnail?id=1oab2yYidjJS7Vu53krtrqTAD48dlSw3I&sz=w1000																								
Handmade Sliding Door	https://drive.google.com/thumbnail?id=1vUC2htaAJWLij--Ul9wLWCeJkMILrICG&sz=w1000																								
Elegant Front Design	https://drive.google.com/thumbnail?id=1DnwCDBkWuO1-eMNrSMwJwo9w7vDNLvY1&sz=w1000																								
Artistic Luxury Door	https://drive.google.com/thumbnail?id=1CU-Z73xVQ78K5zWCU_8p9mmsoe9ZPpei&sz=w1000																								
Stylish Wooden Design	https://drive.google.com/thumbnail?id=1hUo4selCK3e-qSL2ZOraS4LpcmPaYL9W&sz=w1000																								
Premium Front Design	https://drive.google.com/thumbnail?id=1dI1X0akBw-NWtjCFw3BurNQxM-2Sa5ss&sz=w1000																								
Modern House Design	https://drive.google.com/thumbnail?id=11mWgZn3tlLoTb2pzLteSzrgTThJr7YMA&sz=w1000																								
Rustic Entry Design	https://drive.google.com/thumbnail?id=1wGvWqkxSRgey-Vo0obmn7o3mvEgzRqbn&sz=w1000																								
Luxury Interior Design	https://drive.google.com/thumbnail?id=1PIeSVuh26xhu8udJOl0HmM-TxDlj0aLQ&sz=w1000																								
Decorative Main Design	https://drive.google.com/thumbnail?id=1sgktOpvErcT-exupGdjQMonjZ6_0O_r0&sz=w1000																								
Handmade Wooden Door	https://drive.google.com/thumbnail?id=1R3F3yphJ42hhggXdqSsdSLfIOHOrF9HJ&sz=w1000																								
Elegant Sliding Design	https://drive.google.com/thumbnail?id=1_jikvt9XqDvGbKGX_Nz9eORJ4fi1jvTu&sz=w1000																								
Artistic CNC Design	https://drive.google.com/thumbnail?id=1h1IFjAX_PGWtGtUi9bYRYvijPvGDEyf1&sz=w1000																								
Stylish Luxury Door	https://drive.google.com/thumbnail?id=13bB9GfXpVG2zgqhv8VZrUuK-3CK2Qvzj&sz=w1000																								
Premium Interior Design	https://drive.google.com/thumbnail?id=15tInk1BP0L_MG8ue9BrA08jfzVu-GVZS&sz=w1000																								
Modern Decorative Door	https://drive.google.com/thumbnail?id=1sluwnWsY0Axz2WUCPDgjkoKWl5pefoUv&sz=w1000																								
Rustic Front Design	https://drive.google.com/thumbnail?id=1OpQ6chEUi58qhRn35SkrRbhF3d2j7omN&sz=w1000																								
Luxury Decorative Design	https://drive.google.com/thumbnail?id=1eXI1AZ6uxD5rKp69e3wqH7QMBJcbxqcJ&sz=w1000																								
Handmade Main Design	https://drive.google.com/thumbnail?id=1UyDfG7D0RCj55E6xiuT0s16EhK6ZjPxy&sz=w1000																								
Elegant Room Design	https://drive.google.com/thumbnail?id=1q6otfbPEqGGFs4gxpSrYMYfEJcaZMeZI&sz=w1000																								
Artistic Wooden Design	https://drive.google.com/thumbnail?id=1xhZJon3xtHU37jxCgUVa_DWXpa_Gsz_g&sz=w1000																								
Stylish Entry Design	https://drive.google.com/thumbnail?id=1S3NQuwFsJBIlX1zV6L46G11BiUqH4Oit&sz=w1000																								
Premium House Design	https://drive.google.com/thumbnail?id=1xdEmlA60jb6KVvJfhDkoyZE0aTY0aIMS&sz=w1000																								
Modern Villa Design	https://drive.google.com/thumbnail?id=1csxvlxRLVOsfv00PMhdiatTlpjCnpTXT&sz=w1000																								
Rustic Luxury Door	https://drive.google.com/thumbnail?id=1xtAhNwMdy2YhTEdcVxhXHk4jcKnb05Ic&sz=w1000																								
Decorative Luxury Door	https://drive.google.com/thumbnail?id=1EGS-99SzbFML72kaISH2tBIgC-juY8KB&sz=w1000																								
Handmade Decorative Design	https://drive.google.com/thumbnail?id=1XSGSglkWeB_RjUretky0L1O2Fh7RfJjw&sz=w1000																								
Elegant Main Design	https://drive.google.com/thumbnail?id=1ZQm3awEd9aasX4vgjE0HTCv9ZtiWanr0&sz=w1000																								
Artistic Interior Design	https://drive.google.com/thumbnail?id=10en2eQ4CaggbN0xyL9hDJXpJ9h7_19EI&sz=w1000																								
Stylish Villa Design	https://drive.google.com/thumbnail?id=1ApxJTWHB4EDOo0hEaboRChqaGfmTxpy2&sz=w1000																								
Premium Luxury Door	https://drive.google.com/thumbnail?id=1AOS1yZKZeUE-6sXIzGcEskeNbpLtUVx1&sz=w1000																								
Modern Wooden Design	https://drive.google.com/thumbnail?id=1CngpayDtXksGPjSElAPE1OvfC3Hmcsa6&sz=w1000																								
Rustic Room Door	https://drive.google.com/thumbnail?id=1ZZThNMGMcUzuqEmkAv2hWT-fdxKRJ86p&sz=w1000																								
Luxury Sliding Door	https://drive.google.com/thumbnail?id=12RQ4bRcn9GUiv2BvPiV6n_O3ASD4RCGd&sz=w1000																								
Decorative Entry Design	https://drive.google.com/thumbnail?id=1b20QBxMqaWSHqmN61F6lL-YNrxiwqCDL&sz=w1000																								
Handmade Luxury Door	https://drive.google.com/thumbnail?id=1LM3BrXaKeGfbYLZzigDG-RrfN7oF8z_W&sz=w1000																								
Elegant Front Door	https://drive.google.com/thumbnail?id=17ANqNYb8FB3R02QJ2HCn7IlVvhVBz_oW&sz=w1000																								
Artistic Main Design	https://drive.google.com/thumbnail?id=1pof4U4ZwCkMQJcjzCwpKvO7BfQ6pA--y&sz=w1000																								
Stylish Interior Design	https://drive.google.com/thumbnail?id=1yOzJed4V8BVvpRq-mOoNlX4_4apjp39y&sz=w1000																								
Premium Decorative Design	https://drive.google.com/thumbnail?id=1Jmr69QXbKP5z85QyS84naXz_5ro9krC1&sz=w1000																								
Modern Front Design	https://drive.google.com/thumbnail?id=1lEXf9hfbmSHWhAkwutR84lMZgstHL-27&sz=w1000																								
Rustic Wooden Design	https://drive.google.com/thumbnail?id=12z8MFX5WDEoAv7hT71e_a2cwCh-pFB8O&sz=w1000																								
Luxury Villa Design	https://drive.google.com/thumbnail?id=11pMQqae69vG8OpEQwtaZEc9NAIb43B1o&sz=w1000																								
Decorative House Door	https://drive.google.com/thumbnail?id=1Ujaw6M57aDeqvqu04vKclbEZsKnyhHNi&sz=w1000																								
Handmade Entry Design	https://drive.google.com/thumbnail?id=1eiN5T8k_6YoHrGP7_z3UScePL8V26fsF&sz=w1000																								
Elegant Decorative Design	https://drive.google.com/thumbnail?id=1Im-blLl9evku4Ev3dSfVDRWVbulBWZK9&sz=w1000																								
Artistic Luxury Design	https://drive.google.com/thumbnail?id=1F5VznaNthgpIYNDunOt-tw_99fZ6mnrY&sz=w1000																								
Stylish Room Design	https://drive.google.com/thumbnail?id=1yOAMxGY5Oc19K_XrAhBdBngWk0taX8QG&sz=w1000																								
Premium Main Design	https://drive.google.com/thumbnail?id=1f_j7beXtRrUQuw9GtykVbMINqoYbzibf&sz=w1000																								
Modern Sliding Design	https://drive.google.com/thumbnail?id=13FqtTD8f_y4Zp19rwmDkdoL3fG9mDPkc&sz=w1000																								
Rustic Interior Design	https://drive.google.com/thumbnail?id=1uJ-25rcuB42m4GGiLWJQiWLuTrN3Ng9f&sz=w1000																								
Luxury Front Door	https://drive.google.com/thumbnail?id=1NIOdg3rv84EcaFkmUIWuIZ7bK2Jsre-w&sz=w1000																								
Decorative Luxury Design	https://drive.google.com/thumbnail?id=1EqWy6kPPAcXXrVxouUuPFgKmNXBFgfHu&sz=w1000																								
Handmade Wooden Design	https://drive.google.com/thumbnail?id=15tugGszvzPviWpCD_GyJDpo-fk2Yw6S2&sz=w1000																								
Elegant House Design	https://drive.google.com/thumbnail?id=1jyQKBkaT0WjffTC0Eq3TH1qqGkSAzyXb&sz=w1000																								
Artistic Sliding Design	https://drive.google.com/thumbnail?id=1XahgI5issu9kAcxciMSIZ5vmPZhN8vRC&sz=w1000																								
Stylish Decorative Design	https://drive.google.com/thumbnail?id=1Xha0vXwn7j80H4oR_9nhQygrL2ynXzqx&sz=w1000																								
Premium Front Door	https://drive.google.com/thumbnail?id=1TVK5ouSrHesxk4gcH89qtKP-42f_X3si&sz=w1000																								
Modern Entry Door	https://drive.google.com/thumbnail?id=1nV3Zf3WB4s2SOjdOiYneEsshoWsliNHS&sz=w1000																								
Rustic Decorative Door	https://drive.google.com/thumbnail?id=1xZQLFd0n5zeOR4IuNdp62Y02osLUrERf&sz=w1000																								
Luxury House Design	https://drive.google.com/thumbnail?id=1K5tcKLpPJibdNWKoX_AvXkpWErlDeF7M&sz=w1000																								
Decorative Villa Design	https://drive.google.com/thumbnail?id=1hrjom9yM2cExqqIBBCpfO8WqBR3IOq4e&sz=w1000																								
Handmade Interior Design	https://drive.google.com/thumbnail?id=1UzXq8djkPV9R2fU0EMvGemqdhWQl9v_m&sz=w1000																								
Elegant Luxury Design	https://drive.google.com/thumbnail?id=1a_dq_B6m6A-D3X56bT4dRWauFSQDnfOH&sz=w1000																								
Artistic Front Door	https://drive.google.com/thumbnail?id=1R0ZEgQPv9PI55PYLJvvLZEi8EhDoNsZi&sz=w1000																								
Stylish Wooden Door	https://drive.google.com/thumbnail?id=1HlZnf3EnHHv6OOI1GiRmGe_EBUqCZxN2&sz=w1000																								
Premium Sliding Door	https://drive.google.com/thumbnail?id=1voHfQ4E6mhRV2Srst6cX4MsD9_r88g46&sz=w1000																								
Modern Decorative Design	https://drive.google.com/thumbnail?id=1vvd9r0xaAUAyILTspgTbZ_52PzOv1mS5&sz=w1000																								
Rustic Main Door	https://drive.google.com/thumbnail?id=1q9CWn9EiyYPR4Hapxg457M2hDu6nPq61&sz=w1000																								
Luxury Entry Door	https://drive.google.com/thumbnail?id=1CnNxmCCVM8WweQcVgzulmBeQeSI_2mBC&sz=w1000																								
Decorative Wooden Design	https://drive.google.com/thumbnail?id=10dVLgAMAazD5feoZeG4WLDnWM0xS2etr&sz=w1000																								
Handmade Front Door	https://drive.google.com/thumbnail?id=1lFE5LJccexymZyBbT2BxX6gshHC0asWb&sz=w1000																								
Elegant Villa Design	https://drive.google.com/thumbnail?id=1NNF9AcxhGj9E6kYIWDgvNZc5yAtIVgY9&sz=w1000																								
Artistic House Design	https://drive.google.com/thumbnail?id=1iSQg6YWVa8d76XSj4U3sMtt7FyKclQ_o&sz=w1000																								
Stylish Sliding Design	https://drive.google.com/thumbnail?id=1g3lpJRcbx6uuF_ZuPRARI0yv8yydLn3J&sz=w1000																								
Premium Luxury Design	https://drive.google.com/thumbnail?id=1KiH-_jTsS5QGaOUSHKsicZp-tTZVr5Bh&sz=w1000																								
Modern Wooden Door	https://drive.google.com/thumbnail?id=1qwISNeVn9FZFx6m_XASS6ZUi0le56wSJ&sz=w1000																								
Rustic Front Door	https://drive.google.com/thumbnail?id=1mBIPBITufbVDZkziCxVYjfS4ssxg1TjW&sz=w1000																								
Luxury Decorative Door	https://drive.google.com/thumbnail?id=1mpJ7sLasrV-MGygPM3KU-08mQr3e5Xq-&sz=w1000																								
Decorative Main Door	https://drive.google.com/thumbnail?id=1lTcNRzxPF2pIJiB_lzW6zEmHuXGqC8yv&sz=w1000																								
Handmade Sliding Design	https://drive.google.com/thumbnail?id=1K5Gu-gi70SmtzJHeumyX6ZVQnwi2b0Qw&sz=w1000																								
Elegant Interior Design	https://drive.google.com/thumbnail?id=1N4gN3fqfxIL83dlxb4nfd6az57UJ4w7N&sz=w1000																								
Artistic Entry Design	https://drive.google.com/thumbnail?id=1oIdwDJk9uO7UDxzCUBkoUy_AyKcP2Kot&sz=w1000																								
Stylish Luxury Design	https://drive.google.com/thumbnail?id=1jLnvUx1DOgl4XwizjlXlDjSO1xuZE66K&sz=w1000																								
Premium Wooden Design	https://drive.google.com/thumbnail?id=1Xboy9mA82JYJKyz839iKWL19TQxoQGdR&sz=w1000																								
Modern House Door	https://drive.google.com/thumbnail?id=1qhCXE9V-lcRrmZd5f_6SwnDsOQ19bVQJ&sz=w1000																								
Rustic Entry Door	https://drive.google.com/thumbnail?id=1KZvIayKe-rBkgB_Lm1jvAv5w5HYpPlVF&sz=w1000																								
Luxury Main Door	https://drive.google.com/thumbnail?id=1vVGkA9OEwFpt2HkeyV5s-IgCIFqYwVtw&sz=w1000																								
Decorative Front Design	https://drive.google.com/thumbnail?id=1yMaJyh7A0USQChsYUfB_StuWvre1d0re&sz=w1000																								
Handmade Luxury Design	https://drive.google.com/thumbnail?id=1o7Mg1mxzjXkeSokqRwIWPVa67TSQo5Zh&sz=w1000																								
Elegant Wooden Design	https://drive.google.com/thumbnail?id=1oitE0bwmQwibBVqNkyU6YToJIcCl1LCX&sz=w1000																								
Artistic Decorative Design	https://drive.google.com/thumbnail?id=1X54CE2ycfKg3S_cGMDIDB4UOA2b6i32t&sz=w1000																								
Stylish Main Door	https://drive.google.com/thumbnail?id=1cZIlQeAm5RSol3apwFHH7wSGEIPe1q0v&sz=w1000																								
Premium Room Design	https://drive.google.com/thumbnail?id=104zLvYlkLkjbK2TWhV0PqBeIR1t7n6Dl&sz=w1000																								
Modern Villa Door	https://drive.google.com/thumbnail?id=1NxeKwHISQ7o4iY6pDTfg3VrLnJ8qGzTg&sz=w1000																								
Rustic Luxury Design	https://drive.google.com/thumbnail?id=1Lh0eW-0h2ld9llq8VK_uEc8lX9cWd0B2&sz=w1000																								
Luxury Sliding Design	https://drive.google.com/thumbnail?id=1QWQBxmIVvdiprKrHh-Aj80qsWbS4RWA9&sz=w1000																								
Decorative Interior Door	https://drive.google.com/thumbnail?id=1dZDPUDRVmQVpSqAcXPUufevDo29-TACf&sz=w1000																								
Handmade House Design	https://drive.google.com/thumbnail?id=1futMMAA_fdiDwtcMInqqsAVUIN93CtHY&sz=w1000																								
Elegant Entry Door	https://drive.google.com/thumbnail?id=1Qz80-XbutKT9KdYkmWgu5_G365D6zoxz&sz=w1000																								
Artistic Main Door	https://drive.google.com/thumbnail?id=1e4enjHu4EChooLzekLh1bW12-AQbXviH&sz=w1000																								
Stylish Front Door	https://drive.google.com/thumbnail?id=1qcNyP6NZ9d7JzYs-V4rCP2bg0qv7HZV3&sz=w1000																								
Premium Decorative Door	https://drive.google.com/thumbnail?id=1R3bHiZLTEvHwaqgXlnsU32p5_NRBQNiz&sz=w1000																								
Modern Sliding Door	https://drive.google.com/thumbnail?id=193vs-oVWlUyaD6lyvlYQmzuS2c7Cx_mz&sz=w1000																								
Rustic Wooden Door	https://drive.google.com/thumbnail?id=19q9KFeTdSu8EdDi4JBALacw5dCXctFd3&sz=w1000																								
Luxury Room Design	https://drive.google.com/thumbnail?id=1i0-oUh039wbHgcvIJbTrqw5FpfWJRdlF&sz=w1000																								
Decorative Villa Door	https://drive.google.com/thumbnail?id=17SP7aJi15F7W2hMtr5fGXwJ-W7pG9amh&sz=w1000																								
Handmade Decorative Door	https://drive.google.com/thumbnail?id=1mvVHkWZTDXBdwFsABAHtrUo6HRH3ubLr&sz=w1000																								
Elegant Front Design	https://drive.google.com/thumbnail?id=10BGPYNRvD52AItZwa8EpY3NGxuRa5LJT&sz=w1000																								
Artistic Wooden Door	https://drive.google.com/thumbnail?id=1Hlg8gkEq2WH6GvDm1l4O4FPwsP2ZqOcd&sz=w1000																								
Stylish Interior Door	https://drive.google.com/thumbnail?id=1dDRVds7CxVZab-WisSmJ14reSyf-JoYb&sz=w1000																								
Premium Main Door	https://drive.google.com/thumbnail?id=1b5spcMYbocKRLqb_R6848ln0k_6hVeC7&sz=w1000																								
Modern Luxury Design	https://drive.google.com/thumbnail?id=1tBNN_XG069_eFjdcMj37AwDQgRoMk2sV&sz=w1000																								
Rustic Decorative Design	https://drive.google.com/thumbnail?id=1tW2XuRGDQq1S_ypA37SXJFgHSYx0C_qm&sz=w1000																								
Luxury House Door	https://drive.google.com/thumbnail?id=14ud00UzDULDd3LCjR6KjsUcOL60xAupi&sz=w1000																								
Decorative Sliding Design	https://drive.google.com/thumbnail?id=1HZKJO3Y_PAk8m6fPv_5fmGKgpPFFUsh3&sz=w1000																								
Handmade Villa Design	https://drive.google.com/thumbnail?id=1LUqr9usdYigD1Er6rfKdAKSF1-FIAUhR&sz=w1000																								
Elegant Main Door	https://drive.google.com/thumbnail?id=1O_lPzb_ykJmTe9X06hU-8mQbqx2EocVF&sz=w1000																								
Artistic Luxury Door	https://drive.google.com/thumbnail?id=1cyE4UVZ6pvzTGiAdEgwhwaVbH8rBbGmu&sz=w1000																								
Stylish Entry Door	https://drive.google.com/thumbnail?id=1RBru8GXlWkA5DjqqvZ9Yks6dYoMEp8kD&sz=w1000																								
Premium Wooden Door	https://drive.google.com/thumbnail?id=1HGaErsoenjQKfaGzi-45sB8hZsyGD53v&sz=w1000																								
Modern Front Door	https://drive.google.com/thumbnail?id=1KR8IEfXvXhPBfuSHRUmLDLitbnJhV4Q5&sz=w1000																								
Rustic Interior Door	https://drive.google.com/thumbnail?id=17gSOj0FAZLJrocVAWfPem3YGvAR6camB&sz=w1000																								
Luxury Decorative Design	https://drive.google.com/thumbnail?id=1VZYTgwPDhhw6vxptsSmiYCRscDBmHnfr&sz=w1000																								
Decorative Room Design	https://drive.google.com/thumbnail?id=1-5IXrsWPrdQvs0itB-ILiaAUEFJUIhOp&sz=w1000																								
Handmade Entry Door	https://drive.google.com/thumbnail?id=1zZ_8qImmRRq2_Y2C2CZAlLrrcWh7pQpq&sz=w1000																								
Elegant Sliding Door	https://drive.google.com/thumbnail?id=16AzC-yb0I_0LfYqGPor9tza50U7WxB22&sz=w1000																								
Artistic House Door	https://drive.google.com/thumbnail?id=1GaVEqiWu17zerAB4hyls9T4uR-ijLP4_&sz=w1000																								
Stylish Luxury Door	https://drive.google.com/thumbnail?id=1wwjHM_SLPXzuVgs2ivwnGGuSeCZFyLTw&sz=w1000																								
Premium Front Design	https://drive.google.com/thumbnail?id=1ppeNLyMJvblUU4885ypz8PQ6H8Y_ZHXS&sz=w1000																								
Modern Main Design	https://drive.google.com/thumbnail?id=1CSlY48md36Ipjfh1PD_ahvJR2gAvueF5&sz=w1000																								
Rustic Sliding Design	https://drive.google.com/thumbnail?id=1apjw25-Jb-CT6qXVUsTMMv-e-p6Wg_kn&sz=w1000																								
Luxury Wooden Door	https://drive.google.com/thumbnail?id=1LVO3J-LxfN7z_K2DGTSipLREHXIpf4YE&sz=w1000																								
Decorative Entry Door	https://drive.google.com/thumbnail?id=1Nta9IqEKg8rJ6LFzbboawWGf9zBHPQGV&sz=w1000																								
Handmade Main Door	https://drive.google.com/thumbnail?id=1QJiEO9gTrudQ791qTLvKgfuDx5agX_VL&sz=w1000																								
Elegant Decorative Door	https://drive.google.com/thumbnail?id=1HRDgIAf1ftHKKcr5YKC1uKTY4x1W9_QO&sz=w1000																								
Artistic Interior Door	https://drive.google.com/thumbnail?id=1corfDgoSe8BZOUEFPMEPcXUIFHo4gw6H&sz=w1000																								
Stylish Wooden Design	https://drive.google.com/thumbnail?id=1a9IGpJFX1Z05i3gaTEyw-IuoMbRBRxCM&sz=w1000																								
Premium Villa Design	https://drive.google.com/thumbnail?id=1iI33QmHTefsqmRsLdOxcaJqbdI7nEviY&sz=w1000																								
Modern Room Design	https://drive.google.com/thumbnail?id=1zwVABS5c5L_WZMvzNGJGZO4G9KbKK9ha&sz=w1000																								
Rustic Front Design	https://drive.google.com/thumbnail?id=1nP530yUcy6wsPVsSmfujTqekOP4MX-Ss&sz=w1000																								
Luxury Entry Design	https://drive.google.com/thumbnail?id=1Tk_8vU5BP-qZMrkLYkkyf032tC5SLS7q&sz=w1000																								
Decorative Main Design	https://drive.google.com/thumbnail?id=1LbAfhiqCOBLJGw4qQMpf-7iEAy_oK6ug&sz=w1000																								
Handmade Sliding Door	https://drive.google.com/thumbnail?id=1mIXmyu751knOv3xwNvU8v6TaMch9etw-&sz=w1000																								
Elegant Luxury Door	https://drive.google.com/thumbnail?id=19oI5DoLsXa7Fi44OfxpDNvu8U1IpqRpt&sz=w1000																								
Artistic Front Design	https://drive.google.com/thumbnail?id=12ak-AJ_kSV5Ru2wd36sysbvGgKG88xd_&sz=w1000																								
Stylish Decorative Door	https://drive.google.com/thumbnail?id=1MZfg9cmN6Q6qP0faT8h54FtRGYHwF-X5&sz=w1000																								
Premium House Door	https://drive.google.com/thumbnail?id=1F0MbaxH5zCW8C-dUIVZi5h01z5MQm9WD&sz=w1000																								
Modern Wooden Design	https://drive.google.com/thumbnail?id=1du3Bwe6hHpEGUapxCpLIjNWOh4ewJsSH&sz=w1000																								
Rustic Luxury Door	https://drive.google.com/thumbnail?id=1rblFAuThghVFL2A92SNlGYcDzPapH_Nw&sz=w1000																								
Luxury Sliding Door	https://drive.google.com/thumbnail?id=15oe5-mk9yQbZIxtGDAQTBPP70d_JkNBF&sz=w1000																								
Decorative Interior Design	https://drive.google.com/thumbnail?id=1FXSbdGC1z3-EGogwdf7OGv3T7Sg7zINN&sz=w1000																								
Handmade Front Design	https://drive.google.com/thumbnail?id=1OTXEYZ98-G1grsSkIAPG-8M30vkSoxsE&sz=w1000																								
Elegant House Door	https://drive.google.com/thumbnail?id=10r1QVg7DJ2W4iJAVPAZauEwzDotpEMc0&sz=w1000																								
Artistic Wooden Design	https://drive.google.com/thumbnail?id=14TKjjtFek-dipbMIZPB1GFv4AXo5jT5I&sz=w1000																								
Stylish Room Door	https://drive.google.com/thumbnail?id=12ogAVmfk9eaRGV6Gb88dI6PgQ4cIkhES&sz=w1000																								
Premium Entry Door	https://drive.google.com/thumbnail?id=10kYV4-x_t4T6HIHin0ZgzDbf1BAQSjTl&sz=w1000																								
Modern Decorative Door	https://drive.google.com/thumbnail?id=1N8cqixCXyj6BcD6fW8eWqSGFAJRtuXdf&sz=w1000																								
Rustic Villa Design	https://drive.google.com/thumbnail?id=1igxG-BfoaQYGljpf-qMAhX5WKeXHFmrw&sz=w1000																								
Luxury Front Design	https://drive.google.com/thumbnail?id=1bM4tI4DDUw-6aEg_9iaONkCxGNs22sK7&sz=w1000																								
Decorative Luxury Door	https://drive.google.com/thumbnail?id=1lSsz1VDpRD61BlNX7NyROXOPmBiEZilW&sz=w1000																								
Handmade Wooden Door	https://drive.google.com/thumbnail?id=1AFMVIkyFrF7bDnDASHrDRsPInwLSE45q&sz=w1000																								
Elegant Main Design	https://drive.google.com/thumbnail?id=19OAgXRScqnWkY5-ftyRqqjug_3fTKldp&sz=w1000																								
